{"cameraMode":{"drawMode":0,"name":"Shaded","section":"Shading Mode"},"sceneLighting":true,"audioPlay":false,"sceneViewState":{"m_AlwaysRefresh":false,"showFog":true,"showSkybox":true,"showFlares":true,"showImageEffects":true,"showParticleSystems":true,"showVisualEffectGraphs":true,"m_FxEnabled":true},"in2DMode":false,"pivot":{"x":159.11770629882813,"y":0.45998454093933108,"z":122.80612182617188},"rotation":{"x":0.2112446129322052,"y":0.12016532570123673,"z":-0.02618742361664772,"w":0.9696844220161438},"size":4.062286376953125,"orthographic":false}